{
  "configuration": {
    "num_strips": 2,
    "nodes_per_strip": 2000,
    "total_nodes": 4000,
    "hidden_dim": 512,
    "num_cycles": 25,
    "mode": "sparse",
    "device": "cpu"
  },
  "performance": {
    "total_time": 13.367830514907837,
    "avg_cycle_time": 0.5346361446380615,
    "cycles_per_second": 1.8701613528178667
  },
  "final_state": {
    "vortex_density": 0.296750009059906,
    "vortex_std": 0.0037499964237213135,
    "reward": 25.50137726223229,
    "global_params": {
      "kappa": 1.520098090171814,
      "delta": 0.2513374984264374,
      "vortex_target": 0.6519614458084106,
      "num_qec_layers": 5.468449592590332,
      "damping": 0.10468883067369461,
      "nonlinearity": 0.01731359027326107,
      "amp_variance": 1.4656206369400024,
      "vortex_seed_strength": 0.5079999566078186,
      "omega": 0.5586617588996887,
      "diffusion_dt": 0.2546021342277527,
      "reset_strength": 0.48460128903388977,
      "sample_ratio": 0.25278306007385254,
      "max_neighbors_factor": 1.0088169574737549,
      "sparsity_threshold": 0.3011903762817383,
      "sparse_density": 0.5045647621154785,
      "spectral_weight": 0.5129004716873169,
      "winding_density": 1.4751532077789307,
      "twist_rate": 1.2455178499221802,
      "cross_coupling": 0.4953872859477997,
      "antivortex_strength": 0.48638588190078735,
      "annihilation_radius": 0.5489621758460999,
      "pruning_threshold": 0.5006130337715149,
      "preserve_ratio": 0.6041518449783325
    }
  },
  "metrics": {
    "vortex_densities": [
      0.7837499976158142,
      0.5794999897480011,
      0.42774999141693115,
      0.3149999976158142,
      0.25049999356269836,
      0.832749992609024,
      0.6377499997615814,
      0.4697500020265579,
      0.35199999809265137,
      0.2627499997615814,
      0.7150000035762787,
      0.5690000057220459,
      0.43025000393390656,
      0.32250000536441803,
      0.24425000697374344,
      0.9652499854564667,
      0.7479999959468842,
      0.5602500140666962,
      0.4337500035762787,
      0.3177500069141388,
      0.867000013589859,
      0.5949999988079071,
      0.46424999833106995,
      0.33374999463558197,
      0.24849999696016312,
      0.9110000133514404,
      0.6455000042915344,
      0.47874999046325684,
      0.377250000834465,
      0.2957499921321869,
      0.8969999849796295,
      0.6767500042915344,
      0.5049999952316284,
      0.3882499933242798,
      0.2724999934434891,
      0.9249999821186066,
      0.6812499761581421,
      0.5017499923706055,
      0.3400000035762787,
      0.2459999918937683,
      0.9984999895095825,
      0.7297499775886536,
      0.5047499984502792,
      0.3675000071525574,
      0.27674999833106995,
      0.9805000126361847,
      0.7520000040531158,
      0.5879999995231628,
      0.43574999272823334,
      0.3152499943971634,
      0.9514999985694885,
      0.7067500054836273,
      0.5452500283718109,
      0.40525001287460327,
      0.3270000070333481,
      0.9150000214576721,
      0.7060000002384186,
      0.5557499825954437,
      0.41474999487400055,
      0.30949999392032623,
      0.7960000038146973,
      0.5727500021457672,
      0.4259999990463257,
      0.330499991774559,
      0.24650000780820847,
      0.9040000140666962,
      0.6667499840259552,
      0.46924999356269836,
      0.3439999967813492,
      0.25450000166893005,
      0.9894999861717224,
      0.7139999866485596,
      0.5429999828338623,
      0.3997500091791153,
      0.29475000500679016,
      0.9315000176429749,
      0.6972500085830688,
      0.5292499959468842,
      0.414000004529953,
      0.3279999941587448,
      0.9402500092983246,
      0.6820000112056732,
      0.49699999392032623,
      0.3725000023841858,
      0.2737500071525574,
      0.8722500205039978,
      0.6440000236034393,
      0.5030000060796738,
      0.38849999010562897,
      0.2644999921321869,
      0.9135000109672546,
      0.6634999811649323,
      0.5010000020265579,
      0.36924999952316284,
      0.27275000512599945,
      0.9839999973773956,
      0.7119999825954437,
      0.5237500071525574,
      0.4127500057220459,
      0.31724999845027924,
      0.9747499823570251,
      0.7249999940395355,
      0.5475000143051147,
      0.3760000020265579,
      0.25575000047683716,
      0.918749988079071,
      0.6672499775886536,
      0.4790000021457672,
      0.3544999957084656,
      0.2709999978542328,
      0.9427500069141388,
      0.7255000174045563,
      0.5462499856948853,
      0.41975000500679016,
      0.3229999989271164,
      0.9067499935626984,
      0.69200000166893,
      0.5489999949932098,
      0.39650000631809235,
      0.30549998581409454,
      0.8417499959468842,
      0.6537500023841858,
      0.5025000125169754,
      0.3764999955892563,
      0.27775000035762787,
      0.8837500214576721,
      0.6599999964237213,
      0.4804999977350235,
      0.33650000393390656,
      0.2435000017285347,
      0.8745000064373016,
      0.6622500121593475,
      0.5017499923706055,
      0.3632500022649765,
      0.27300000190734863,
      0.8972499966621399,
      0.6257500052452087,
      0.4814999997615814,
      0.3674999922513962,
      0.28075000643730164,
      0.9857499897480011,
      0.7425000071525574,
      0.5662499964237213,
      0.4282499998807907,
      0.32249999046325684,
      0.9757499992847443,
      0.7387500107288361,
      0.5682500004768372,
      0.4307499974966049,
      0.3267500102519989,
      0.8952500224113464,
      0.7112500071525574,
      0.5119999945163727,
      0.36625000834465027,
      0.263250008225441,
      0.8397500216960907,
      0.6394999921321869,
      0.47350001335144043,
      0.3579999953508377,
      0.2747499942779541,
      0.8697499930858612,
      0.6450000107288361,
      0.49174998700618744,
      0.3674999922513962,
      0.27924999594688416,
      0.7980000078678131,
      0.5974999964237213,
      0.44574999809265137,
      0.35324999690055847,
      0.26225000619888306,
      0.8902499973773956,
      0.6442499756813049,
      0.507750004529953,
      0.3685000091791153,
      0.2865000069141388,
      0.8682500123977661,
      0.6367500126361847,
      0.47574999928474426,
      0.3464999943971634,
      0.2615000009536743,
      0.9600000083446503,
      0.6879999935626984,
      0.5067499876022339,
      0.377250000834465,
      0.2852500081062317,
      0.8112500011920929,
      0.6070000231266022,
      0.4662500023841858,
      0.34199999272823334,
      0.25324999541044235,
      0.8842499852180481,
      0.65174999833107,
      0.49825000762939453,
      0.3842500001192093,
      0.299249991774559,
      0.9207499921321869,
      0.6832500100135803,
      0.523749977350235,
      0.39775000512599945,
      0.30174998939037323,
      0.9802500009536743,
      0.7035000026226044,
      0.5237500071525574,
      0.39525000751018524,
      0.29874999821186066,
      0.9397499859333038,
      0.69200000166893,
      0.5237500071525574,
      0.38724999129772186,
      0.28574998676776886,
      0.8734999895095825,
      0.6500000059604645,
      0.46525000035762787,
      0.3410000056028366,
      0.2514999955892563,
      0.8774999976158142,
      0.6299999952316284,
      0.45625001192092896,
      0.35375000536441803,
      0.25874999910593033,
      0.859250009059906,
      0.6400000154972076,
      0.4884999990463257,
      0.380500003695488,
      0.28299999237060547,
      0.859499990940094,
      0.6567499935626984,
      0.48774999380111694,
      0.38450001180171967,
      0.2822500020265579,
      0.94200000166893,
      0.6987500190734863,
      0.5214999914169312,
      0.38750000298023224,
      0.29600000381469727,
      0.9997499883174896,
      0.7559999823570251,
      0.5527499914169312,
      0.4167499989271164,
      0.3187500089406967,
      0.9462499916553497,
      0.7237499952316284,
      0.5625,
      0.41750000417232513,
      0.318000003695488,
      0.9472499787807465,
      0.7037500143051147,
