{
  "configuration": {
    "num_strips": 2,
    "nodes_per_strip": 4000,
    "total_nodes": 8000,
    "hidden_dim": 512,
    "num_cycles": 100,
    "mode": "sparse",
    "device": "cpu"
  },
  "performance": {
    "total_time": 16.089465618133545,
    "avg_cycle_time": 0.16081567525863646,
    "cycles_per_second": 6.215246818843725
  },
  "final_state": {
    "vortex_density": 0.0018749999580904841,
    "vortex_std": 0.0003749999450519681,
    "reward": -56.549136716236305,
    "global_params": {
      "kappa": 1.4853570461273193,
      "delta": 0.2857534885406494,
      "coupling": 0.5066792964935303,
      "vortex_target": 0.5151005983352661
    }
  },
  "metrics": {
    "vortex_densities": [
      0.9000000059604645,
      0.8106249868869781,
      0.7253749966621399,
      0.6516249775886536,
      0.5853750109672546,
      0.5306249856948853,
      0.4777500033378601,
      0.427375003695488,
      0.3856250047683716,
      0.34962500631809235,
      0.31562501192092896,
      0.2842499911785126,
      0.25725001096725464,
      0.2330000028014183,
      0.20737499743700027,
      0.18975000083446503,
      0.17162499576807022,
      0.15450000017881393,
      0.13899999856948853,
      0.12337499856948853,
      0.11225000023841858,
      0.09937500208616257,
      0.09037500247359276,
      0.0807499997317791,
      0.0716250017285347,
      0.06662500277161598,
      0.060750000178813934,
      0.054500000551342964,
      0.05049999989569187,
      0.04625000059604645,
      0.042375000193715096,
      0.038625000044703484,
      0.03474999964237213,
      0.03175000101327896,
      0.028875000774860382,
      0.02625000011175871,
      0.024125000461935997,
      0.02199999988079071,
      0.019999999552965164,
      0.018875000067055225,
      0.017249999567866325,
      0.016125000081956387,
      0.01425000000745058,
      0.012500000186264515,
      0.011124999728053808,
      0.010125000029802322,
      0.00912499986588955,
      0.008249999955296516,
      0.007625000085681677,
      0.007125000236555934,
      0.0062500000931322575,
      0.005624999990686774,
      0.004875000100582838,
      0.00437499990221113,
      0.004500000039115548,
      0.004249999881722033,
      0.004125000210478902,
      0.0036250000121071935,
      0.003750000149011612,
      0.0036250001285225153,
      0.0035000001080334187,
      0.0031250000465661287,
      0.002749999985098839,
      0.0023750000400468707,
      0.002250000019557774,
      0.001999999978579581,
      0.0021249999990686774,
      0.0021249999990686774,
      0.002250000019557774,
      0.0021249999990686774,
      0.001999999978579581,
      0.0018749999580904841,
      0.0018749999580904841,
      0.001999999978579581,
      0.001875000074505806,
      0.001875000074505806,
      0.001875000074505806,
      0.0020000000949949026,
      0.0022499999031424522,
      0.002374999923631549,
      0.0023750000400468707,
      0.002250000019557774,
      0.002250000019557774,
      0.0018749999580904841,
      0.0013750000507570803,
      0.0012500000302679837,
      0.0008749999979045242,
      0.0011250000388827175,
      0.0011250000388827175,
      0.0012500000593718141,
      0.001125000009778887,
      0.0012500000302679837,
      0.0016250000335276127,
      0.0016250000335276127,
      0.0016250000335276127,
      0.0021249999990686774,
      0.0017500000540167093,
      0.001999999978579581,
      0.002250000019557774,
      0.0018749999580904841
    ],
    "rewards": [
      154.73749935626984,
      159.43750143051147,
      144.8562502861023,
      130.15624582767487,
      116.94375276565552,
      108.28218704441741,
      49.96748672936068,
      43.95573146440876,
      38.57716773995771,
      33.65370995563721,
      28.41539621913149,
      23.189678949494652,
      18.26379474648261,
      13.687710571000483,
      8.917160265208553,
      5.544713106764431,
      1.9253754336147921,
      -1.4387815906204455,
      -4.490810370614093,
      -8.001967819838995,
      -10.361781431088614,
      -13.142547726747303,
      -16.936169716513728,
      -20.874825371643993,
      -24.811490835320015,
      -26.956637038931802,
      -29.337538810582757,
      -32.08522856228741,
      -33.89267751121479,
      -35.710129162623794,
      -37.38411568808519,
      -39.24551897627771,
      -40.843139490128316,
      -42.08116659102994,
      -43.29526559526431,
      -44.35020182224805,
      -45.20768247403379,
      -46.171728520397664,
      -47.06590314324168,
      -47.58822999003664,
      -48.3319691825584,
      -48.82843274779595,
      -49.826566495695474,
      -50.70894103278364,
      -51.2310568911838,
      -51.808680091863636,
      -52.42831024942209,
      -52.905772233684964,
      -53.01570520325559,
      -53.21444627162429,
      -53.62042304578455,
      -53.84118409135171,
      -54.19533197812451,
      -54.46594329614941,
      -54.42165137648119,
      -54.50209633155705,
      -54.65810990885333,
      -54.87226911145367,
      -54.93487105406448,
      -55.013035781968284,
      -55.06454340424962,
      -55.46072469726636,
      -55.60363878738712,
      -55.73158255772732,
      -55.8056071990772,
      -55.96375095085171,
      -55.871644610914736,
      -55.8864191580628,
      -55.85301163657422,
      -55.9008050350582,
      -56.035792317609044,
      -56.11347610538391,
      -56.102287617154964,
      -56.15456608503893,
      -56.23410584699533,
      -56.21210096059954,
      -56.27589337354152,
      -56.18632899445751,
      -56.05942108007258,
      -55.990873672407744,
      -56.04506186702417,
      -56.09634108748145,
      -56.10337321688906,
      -56.241904729831965,
      -56.44259804909005,
      -56.49721116100176,
      -56.72526000005952,
      -56.707479471920244,
      -56.736184719723724,
      -56.70466273678823,
      -56.79533496521645,
      -56.76353326064779,
      -56.577178792691214,
      -56.57247606254352,
      -56.57837001857849,
      -56.379264075742086,
      -56.581914677156234,
      -56.47596145895808,
      -56.36998183263674,
      -56.549136716236305
    ],