{
  "configuration": {
    "num_strips": 2,
    "nodes_per_strip": 2000,
    "total_nodes": 4000,
    "hidden_dim": 256,
    "num_cycles": 100,
    "mode": "sparse",
    "device": "cpu"
  },
  "performance": {
    "total_time": 5.72637939453125,
    "avg_cycle_time": 0.05717707872390747,
    "cycles_per_second": 17.4630413233711
  },
  "final_state": {
    "vortex_density": 0.0020000000367872417,
    "vortex_std": 0.0009999999892897904,
    "reward": -56.5418917109543,
    "global_params": {
      "kappa": 1.490265965461731,
      "delta": 0.3004360496997833,
      "coupling": 0.5117721557617188,
      "vortex_target": 0.48578688502311707
    }
  },
  "metrics": {
    "vortex_densities": [
      0.8999999761581421,
      0.8117499947547913,
      0.7279999852180481,
      0.65174999833107,
      0.586249977350235,
      0.527999997138977,
      0.47824999690055847,
      0.43050000071525574,
      0.388250008225441,
      0.3500000089406967,
      0.3139999955892563,
      0.2824999988079071,
      0.2539999932050705,
      0.2292499989271164,
      0.20674999803304672,
      0.1822500005364418,
      0.16699999570846558,
      0.14649999886751175,
      0.13099999725818634,
      0.1172499991953373,
      0.1054999977350235,
      0.09399999678134918,
      0.08500000089406967,
      0.07575000077486038,
      0.06949999928474426,
      0.06350000202655792,
      0.058000000193715096,
      0.0527500007301569,
      0.04600000008940697,
      0.0409999992698431,
      0.03775000013411045,
      0.032749999314546585,
      0.02974999975413084,
      0.02599999960511923,
      0.022750000469386578,
      0.021499999798834324,
      0.020500000566244125,
      0.01850000023841858,
      0.017000000923871994,
      0.015999999828636646,
      0.01425000000745058,
      0.013250000309199095,
      0.011249999981373549,
      0.010249999817460775,
      0.008750000037252903,
      0.008750000037252903,
      0.008250000420957804,
      0.007999999914318323,
      0.008499999763444066,
      0.007250000257045031,
      0.006499999901279807,
      0.005499999970197678,
      0.005499999970197678,
      0.004749999847263098,
      0.0044999998062849045,
      0.004000000189989805,
      0.003000000142492354,
      0.0027500001015141606,
      0.0025000000605359674,
      0.0027500001015141606,
      0.003499999875202775,
      0.0029999999096617103,
      0.0025000000605359674,
      0.001999999978579581,
      0.0020000000367872417,
      0.0020000000367872417,
      0.002250000019557774,
      0.002250000019557774,
      0.001999999978579581,
      0.001999999978579581,
      0.001999999978579581,
      0.002250000019557774,
      0.002749999926891178,
      0.002000000065891072,
      0.002000000065891072,
      0.001500000013038516,
      0.001500000013038516,
      0.0012499999720603228,
      0.0012499999720603228,
      0.0012499999720603228,
      0.001500000013038516,
      0.001500000013038516,
      0.001500000013038516,
      0.0020000000367872417,
      0.002250000019557774,
      0.002250000019557774,
      0.0025000000605359674,
      0.0017499999958090484,
      0.001999999978579581,
      0.0017500000540167093,
      0.002250000077765435,
      0.002250000077765435,
      0.0025000000605359674,
      0.001999999978579581,
      0.0020000000367872417,
      0.0020000000367872417,
      0.0017499999958090484,
      0.0017499999958090484,
      0.002250000077765435,
      0.0020000000367872417
    ],
    "rewards": [
      154.87500131130219,
      159.2500001192093,
      145.27499675750732,
      130.2624985575676,
      116.98749512434006,
      107.73154997882017,
      49.82815396255685,
      44.29433592610981,
      38.683849357970615,
      33.25423370999917,
      27.77825007530429,
      22.530335921891464,
      17.755742706540776,
      13.398447633993497,
      8.904035816700393,
      4.357043796161472,
      1.3560093483770737,
      -2.6700345745422935,
      -5.789612692927433,
      -8.667678780303348,
      -11.292564947335967,
      -15.110793637787943,
      -18.95864623803914,
      -22.69561917956424,
      -25.42943102258973,
      -28.113984627040704,
      -30.35047560813853,
      -33.114384516627126,
      -36.113391801257535,
      -38.35878667086505,
      -39.535691115288735,
      -41.71904894014028,
      -43.02528625521559,
      -44.57401438463717,
      -46.01147976175667,
      -46.54975533246514,
      -46.99421280712895,
      -47.806563471902756,
      -48.47172354464942,
      -48.973326598455444,
      -50.02552327338892,
      -50.459332324641984,
      -51.37633454440805,
      -52.01101830843644,
      -52.751348467046185,
      -52.82838004856939,
      -53.11587199173682,
      -53.328534212708654,
      -53.11671019734331,
      -53.642859536414555,
      -54.00741024161807,
      -54.49710827087772,
      -54.46500947839021,
      -54.72996344710237,
      -54.81752731884075,
      -55.11848146488092,
      -55.64295928623417,
      -55.73952605989775,
      -55.81922848370058,
      -55.75462284794324,
      -55.37314902749868,
      -55.677923853067746,
      -55.81094173058902,
      -55.99048309066113,
      -55.96811867576053,
      -55.95609034192185,
      -55.8149431704416,
      -55.82886229203769,
      -55.94329079128182,
      -55.92745207264994,
      -56.01376687110899,
      -55.91835659065316,
      -55.77172371188236,
      -56.130023144714826,
      -56.20002057624247,
      -56.4411177002923,
      -56.491432608363944,
      -56.60149690829846,
      -56.5948888020741,
      -56.61348070642029,
      -56.50317774406128,
      -56.527841325676135,
      -56.60781762802727,
      -56.36289449912446,
      -56.23981915365511,
      -56.227624169778224,
      -56.09923691114057,
      -56.44045020758804,
      -56.32370636827407,
      -56.42419032798969,
      -56.265634564870346,
      -56.27283264856884,
      -56.15059340990825,
      -56.391462799711526,
      -56.43167604387915,
      -56.465917992459474,
      -56.60697973839518,
      -56.628152848276194,
      -56.43628644005547,
      -56.5418917109543
    ],