{
  "configuration": {
    "num_strips": 2,
    "nodes_per_strip": 2000,
    "total_nodes": 4000,
    "hidden_dim": 256,
    "num_cycles": 100,
    "mode": "sparse",
    "device": "cpu"
  },
  "performance": {
    "total_time": 5.735620498657227,
    "avg_cycle_time": 0.057268929481506345,
    "cycles_per_second": 17.43490525975544
  },
  "final_state": {
    "vortex_density": 0.0012500000593718141,
    "vortex_std": 0.0007500000356230885,
    "reward": -99.97499999881256,
    "global_params": {
      "kappa": 1.5104378461837769,
      "delta": 0.2983527183532715,
      "coupling": 0.49395322799682617,
      "vortex_target": 0.4845932424068451
    }
  },
  "metrics": {
    "vortex_densities": [
      0.8999999761581421,
      0.8107500076293945,
      0.7292500138282776,
      0.65625,
      0.5882500112056732,
      0.5319999754428864,
      0.47849999368190765,
      0.43275000154972076,
      0.3877499997615814,
      0.3474999964237213,
      0.3114999979734421,
      0.27949999272823334,
      0.255000002682209,
      0.22625000029802322,
      0.20350000262260437,
      0.18425000458955765,
      0.16750000417232513,
      0.15150000154972076,
      0.13725000619888306,
      0.12224999815225601,
      0.11100000143051147,
      0.10174999758601189,
      0.09300000220537186,
      0.08350000157952309,
      0.07575000077486038,
      0.06699999794363976,
      0.05949999950826168,
      0.05374999903142452,
      0.04899999871850014,
      0.04650000110268593,
      0.042000001296401024,
      0.03750000149011612,
      0.0322499992325902,
      0.028250000439584255,
      0.02599999960511923,
      0.02350000012665987,
      0.02075000014156103,
      0.019500000402331352,
      0.01850000023841858,
      0.01699999999254942,
      0.013499999884516,
      0.011750000063329935,
      0.012250000145286322,
      0.010999999940395355,
      0.009749999735504389,
      0.008750000037252903,
      0.00800000037997961,
      0.00800000037997961,
      0.006750000175088644,
      0.0062500000931322575,
      0.0062500000931322575,
      0.006000000052154064,
      0.005750000011175871,
      0.004999999888241291,
      0.0044999998062849045,
      0.004249999998137355,
      0.004000000189989805,
      0.004000000189989805,
      0.0032500000670552254,
      0.0032499999506399035,
      0.0032499999506399035,
      0.0025000000605359674,
      0.0027500001015141606,
      0.0025000000605359674,
      0.0025000000605359674,
      0.0027500001015141606,
      0.003000000142492354,
      0.003499999991618097,
      0.0027500001015141606,
      0.0025000001187436283,
      0.0025000000605359674,
      0.0025000000605359674,
      0.002250000019557774,
      0.002250000019557774,
      0.0020000000367872417,
      0.0025000000605359674,
      0.0025000000605359674,
      0.0032500000670552254,
      0.0032500000670552254,
      0.0032500000670552254,
      0.003499999875202775,
      0.0032500000670552254,
      0.0025000000605359674,
      0.0027500001015141606,
      0.0035000001080334187,
      0.0032500000670552254,
      0.003000000026077032,
      0.001999999978579581,
      0.0025000000605359674,
      0.0025000000605359674,
      0.0032500000670552254,
      0.003000000026077032,
      0.002250000019557774,
      0.0020000000949949026,
      0.001999999978579581,
      0.001999999978579581,
      0.001999999978579581,
      0.001999999978579581,
      0.001500000071246177,
      0.0012500000593718141
    ],
    "rewards": [
      44.67499852180481,
      40.299999713897705,
      72.81250059604645,
      65.3124988079071,
      58.43750089406967,
      52.72499769926071,
      23.524999618530273,
      21.50000035762787,
      19.050000607967377,
      16.94999933242798,
      15.199999511241913,
      13.425000011920929,
      12.425000220537186,
      10.875000059604645,
      9.700000286102295,
      8.950000256299973,
      8.025000244379044,
      7.150000333786011,
      6.575000286102295,
      5.974999815225601,
      5.324999988079071,
      4.924999922513962,
      4.450000077486038,
      3.9500001817941666,
      3.5500001162290573,
      3.2499998807907104,
      2.850000001490116,
      2.6499999687075615,
      2.3499999195337296,
      2.225000038743019,
      1.9750000908970833,
      1.7750000581145287,
      1.4999999664723873,
      1.3000000268220901,
      1.1749999597668648,
      1.0250000283122063,
      0.925000011920929,
      0.8750000037252903,
      0.8500000461935997,
      0.7249999791383743,
      0.6000000052154064,
      0.5499999970197678,
      0.5750000011175871,
      0.5249999929219484,
      -99.52500001527369,
      -99.5749999769032,
      -99.59999998100102,
      -99.59999998100102,
      -99.72500000149012,
      -99.6999999973923,
      -99.6999999973923,
      -99.72500000149012,
      -99.72500000149012,
      -99.77500000968575,
      -99.77500000968575,
      -99.79999999050051,
      -99.79999999050051,
      -99.79999999050051,
      -99.87500000279397,
      -99.89999999525025,
      -99.89999999525025,
      -99.92499999934807,
      -99.89999999525025,
      -99.92499999934807,
      -99.92499999934807,
      -99.92499999934807,
      -99.89999999525025,
      -99.89999999525025,
      -99.92499999934807,
      -99.94999999762513,
      -99.92499999934807,
      -99.92499999934807,
      -99.92499999934807,
      -99.92499999934807,
      -99.94999999762513,
      -99.89999999525025,
      -99.89999999525025,
      -99.84999999869615,
      -99.84999999869615,
      -99.87500000279397,
      -99.87500000279397,
      -99.87500000279397,
      -99.89999999525025,
      -99.89999999525025,
      -99.84999999869615,
      -99.84999999869615,
      -99.84999999869615,
      -99.92499999934807,
      -99.92499999934807,
      -99.89999999525025,
      -99.84999999869615,
      -99.87500000279397,
      -99.89999999525025,
      -99.89999999525025,
      -99.92499999934807,
      -99.92499999934807,
      -99.92499999934807,
      -99.92499999934807,
      -99.94999999762513,
      -99.97499999881256
    ],