{
  "configuration": {
    "num_strips": 2,
    "nodes_per_strip": 2000,
    "total_nodes": 4000,
    "hidden_dim": 256,
    "num_cycles": 100,
    "mode": "sparse",
    "device": "cpu"
  },
  "performance": {
    "total_time": 5.788844347000122,
    "avg_cycle_time": 0.05780193328857422,
    "cycles_per_second": 17.274605086215818
  },
  "final_state": {
    "vortex_density": 0.003750000149011612,
    "vortex_std": 0.0002500000409781933,
    "reward": -55.82423200931271,
    "global_params": {
      "kappa": 1.5236308574676514,
      "delta": 0.30193740129470825,
      "coupling": 0.5157299637794495,
      "vortex_target": 0.5187783241271973
    }
  },
  "metrics": {
    "vortex_densities": [
      0.9000000059604645,
      0.8074999749660492,
      0.7285000085830688,
      0.6547500193119049,
      0.5912500023841858,
      0.531499981880188,
      0.47825001180171967,
      0.42800000309944153,
      0.3869999945163727,
      0.3465000092983246,
      0.3127500116825104,
      0.28200000524520874,
      0.2515000030398369,
      0.22549999505281448,
      0.20400000363588333,
      0.18450000137090683,
      0.16700000315904617,
      0.1522499993443489,
      0.13974999636411667,
      0.12525000050663948,
      0.11100000143051147,
      0.1015000008046627,
      0.09124999865889549,
      0.08275000005960464,
      0.07349999994039536,
      0.06625000201165676,
      0.05975000001490116,
      0.054250000044703484,
      0.048250000923871994,
      0.042500000447034836,
      0.03700000047683716,
      0.032749999314546585,
      0.02949999924749136,
      0.02650000061839819,
      0.025249999947845936,
      0.022249999456107616,
      0.019749999977648258,
      0.01850000023841858,
      0.016499999444931746,
      0.01425000000745058,
      0.012250000145286322,
      0.011750000063329935,
      0.011750000063329935,
      0.01075000036507845,
      0.010250000283122063,
      0.009500000160187483,
      0.008750000037252903,
      0.009000000078231096,
      0.009000000078231096,
      0.00774999987334013,
      0.007000000216066837,
      0.0062500000931322575,
      0.005500000203028321,
      0.005000000121071935,
      0.004750000080093741,
      0.004500000039115548,
      0.004249999998137355,
      0.003999999957159162,
      0.003999999957159162,
      0.003499999991618097,
      0.003499999991618097,
      0.0032499999506399035,
      0.0029999999096617103,
      0.0027500001015141606,
      0.0029999999096617103,
      0.002749999926891178,
      0.002000000065891072,
      0.001500000013038516,
      0.0020000000367872417,
      0.0017499999958090484,
      0.0017499999958090484,
      0.0014999999839346856,
      0.002000000065891072,
      0.0025000001187436283,
      0.002250000077765435,
      0.0027500001015141606,
      0.0025000000605359674,
      0.0027500001015141606,
      0.0027500001015141606,
      0.0027500001015141606,
      0.0025000000605359674,
      0.003000000026077032,
      0.0025000000605359674,
      0.0027500001015141606,
      0.003000000142492354,
      0.0032500000670552254,
      0.0032500000670552254,
      0.0032500000670552254,
      0.0032500000670552254,
      0.0037499999161809683,
      0.003750000149011612,
      0.0035000001080334187,
      0.003750000149011612,
      0.0032500000670552254,
      0.0035000001080334187,
      0.0035000001080334187,
      0.0035000001080334187,
      0.004000000189989805,
      0.004000000189989805,
      0.003750000149011612
    ],
    "rewards": [
      154.77499961853027,
      159.40000116825104,
      145.52500247955322,
      130.88750392198563,
      118.08750033378601,
      106.22626807504713,
      47.642829890974056,
      41.69897301273859,
      36.3362496805412,
      30.667234579999025,
      25.60474396758193,
      20.472996903661645,
      15.513713223365233,
      10.9239537973087,
      7.109085795499442,
      3.2955359318583586,
      -0.20687917555596008,
      -3.325577100220275,
      -5.703126708394825,
      -8.876724259266705,
      -11.971838795377316,
      -13.993844001977806,
      -18.097478936687683,
      -21.6755093075535,
      -25.483785183239686,
      -28.581836549914787,
      -31.459036977852147,
      -33.81497930271966,
      -36.397850982127785,
      -38.91957883318344,
      -41.20408895931676,
      -42.93484739053385,
      -44.37944713771664,
      -45.70444335556675,
      -46.26964465753337,
      -47.62329036040692,
      -48.75746179189425,
      -49.30036116215493,
      -50.18984676530909,
      -51.17945496685972,
      -52.09652347835256,
      -52.34466191515168,
      -52.34470820801427,
      -52.816310939044165,
      -53.08971729209346,
      -53.43739435395845,
      -53.73523588874959,
      -53.61085554053517,
      -53.58586739242861,
      -54.1077554294737,
      -54.43103420195057,
      -54.77970684264526,
      -55.103321085082705,
      -55.35247667194336,
      -55.45230698664554,
      -55.55195276080153,
      -55.676544685224854,
      -55.776156152095275,
      -55.776190215242956,
      -56.00072765517652,
      -56.02571192247492,
      -56.12545998144301,
      -56.22520548080115,
      -56.325017780278095,
      -56.2251955379246,
      -56.34999396570319,
      -56.67421395766211,
      -56.89934116869843,
      -56.64954939268472,
      -56.74901712380258,
      -56.748946579889655,
      -56.87375280454614,
      -56.67424146718516,
      -56.44961870485815,
      -56.54943069534251,
      -56.324861743946755,
      -56.42461213804557,
      -56.32491382220897,
      -56.3250656376133,
      -56.32502898474916,
      -56.42462473859385,
      -56.17509719680888,
      -56.39960270163134,
      -56.299542951075374,
      -56.19960157826776,
      -56.074850023007826,
      -56.07508953364871,
      -56.075011224419846,
      -56.074987909891085,
      -55.875493537077546,
      -55.8253550473371,
      -55.925215326971625,
      -55.82539706041379,
      -56.04972285860543,
      -55.924813663398105,
      -55.9494201749726,
      -55.949573740255325,
      -55.70004843975527,
      -55.69984960875694,
      -55.82423200931271
    ],