{
  "configuration": {
    "num_strips": 2,
    "nodes_per_strip": 2000,
    "total_nodes": 4000,
    "hidden_dim": 512,
    "num_cycles": 100,
    "mode": "sparse",
    "device": "cpu"
  },
  "performance": {
    "total_time": 349.92117404937744,
    "avg_cycle_time": 3.4991173124313355,
    "cycles_per_second": 0.28577864792454366
  },
  "final_state": {
    "vortex_density": 0.008249999955296516,
    "vortex_std": 0.001249999739229679,
    "reward": -53.71458092953833,
    "global_params": {
      "kappa": 1.4978410005569458,
      "delta": 0.287996381521225,
      "coupling": 0.5140421986579895,
      "vortex_target": 0.483693927526474,
      "damping": 0.12465739995241165,
      "nonlinearity": -0.026947885751724243,
      "amp_variance": 1.2514307498931885,
      "vortex_seed_strength": 0.49907174706459045
    }
  },
  "metrics": {
    "vortex_densities": [
      0.8999999761581421,
      0.8120000064373016,
      0.7307499945163727,
      0.6572499871253967,
      0.5932500064373016,
      0.5317499935626984,
      0.4794999957084656,
      0.4372500032186508,
      0.39274999499320984,
      0.35849998891353607,
      0.322749987244606,
      0.29124999046325684,
      0.2607499957084656,
      0.2317500039935112,
      0.20874999463558197,
      0.18775000423192978,
      0.16825000196695328,
      0.15324999392032623,
      0.13724999874830246,
      0.12124999985098839,
      0.10950000211596489,
      0.09724999964237213,
      0.08950000256299973,
      0.0820000022649765,
      0.07375000044703484,
      0.06775000132620335,
      0.0637499988079071,
      0.057249998673796654,
      0.051500000059604645,
      0.04774999991059303,
      0.029000000096857548,
      0.02625000011175871,
      0.02350000012665987,
      0.02199999988079071,
      0.020250000059604645,
      0.018749999813735485,
      0.017500000074505806,
      0.017000000458210707,
      0.01699999999254942,
      0.01624999986961484,
      0.01500000013038516,
      0.012999999802559614,
      0.012749999761581421,
      0.011750000063329935,
      0.012250000145286322,
      0.010999999940395355,
      0.01075000036507845,
      0.010999999940395355,
      0.010749999899417162,
      0.010250000283122063,
      0.0077500001061707735,
      0.008249999955296516,
      0.00849999999627471,
      0.009000000078231096,
      0.008249999955296516,
      0.008750000037252903,
      0.008249999955296516,
      0.007999999914318323,
      0.007250000257045031,
      0.006750000175088644,
      0.007000000216066837,
      0.007499999832361937,
      0.007499999832361937,
      0.007999999914318323,
      0.00774999987334013,
      0.008750000037252903,
      0.008999999845400453,
      0.008499999763444066,
      0.008500000461935997,
      0.007250000024214387,
      0.005499999970197678,
      0.005250000162050128,
      0.005000000121071935,
      0.004999999888241291,
      0.005499999970197678,
      0.004749999847263098,
      0.004999999888241291,
      0.006000000284984708,
      0.007000000216066837,
      0.007250000257045031,
      0.006999999983236194,
      0.006500000134110451,
      0.0059999998193234205,
      0.006499999901279807,
      0.00774999987334013,
      0.007999999914318323,
      0.007750000339001417,
      0.00849999999627471,
      0.009000000078231096,
      0.009499999694526196,
      0.007250000024214387,
      0.00774999987334013,
      0.007499999832361937,
      0.00750000006519258,
      0.006999999983236194,
      0.00774999987334013,
      0.006749999942258,
      0.006749999709427357,
      0.007499999832361937,
      0.008249999955296516
    ],
    "rewards": [
      154.75000143051147,
      159.02499854564667,
      145.78749984502792,
      130.91249763965607,
      118.33750158548355,
      107.58633946942777,
      49.34102185137002,
      44.75298337952007,
      39.18746794713445,
      34.487104224968256,
      29.14702654310475,
      24.205674423391308,
      18.956781154275937,
      13.74180492155713,
      9.586998010893454,
      5.671387376229248,
      2.014742168743083,
      -1.145336320074054,
      -4.606076748854552,
      -8.117406177754628,
      -10.732451921063026,
      -13.854967757260898,
      -17.065267197110444,
      -20.29149158643649,
      -23.74340602553667,
      -26.377583777825397,
      -28.17267997408334,
      -31.065446009944427,
      -33.524231366961345,
      -35.05458696577029,
      -43.05462087678536,
      -44.44550467481765,
      -45.65198423940394,
      -46.372237092506296,
      -47.107845008494,
      -47.85264965037844,
      -48.577361731752625,
      -48.78037730630718,
      -48.9039516356712,
      -49.257061760204486,
      -49.78260249218444,
      -50.51877805920809,
      -50.670185375826655,
      -51.09271024846838,
      -50.920224501260186,
      -51.451211048662046,
      -51.625290395585246,
      -51.613565376639876,
      -51.68958067580835,
      -52.04378720739711,
      -53.22931850016595,
      -53.238808028885835,
      -53.096196424591426,
      -52.81015712379649,
      -53.21374138225966,
      -52.93158391486198,
      -53.12544315812113,
      -53.199502857742615,
      -53.518717682281974,
      -53.78029852925212,
      -53.709419691031755,
      -53.51287086445465,
      -53.56063100844668,
      -53.36026728930133,
      -53.46592497329454,
      -53.073112652994965,
      -52.98635991769876,
      -53.15102276367332,
      -53.112460199150284,
      -53.71781345915739,
      -54.57841748904816,
      -54.70175774102876,
      -54.7937642450734,
      -54.76354124704825,
      -54.52495257230424,
      -54.79845866636101,
      -54.74923169406876,
      -54.40335455943912,
      -53.91004641657585,
      -53.75221816881594,
      -53.92379159582782,
      -54.136025218766896,
      -54.41767688642325,
      -54.29729836710417,
      -53.70889618759957,
      -53.66350560775672,
      -53.69360494369961,
      -53.399398214618024,
      -53.13029688927193,
      -52.935851105021676,
      -54.103492496058145,
      -53.874440587879356,
      -54.029870166798695,
      -54.06863475625765,
      -54.259530718791105,
      -53.9122151897246,
      -54.451476511844945,
      -54.41511488916115,
      -54.084111232918204,
      -53.71458092953833
    ],