{
  "configuration": {
    "num_strips": 2,
    "nodes_per_strip": 2000,
    "total_nodes": 4000,
    "hidden_dim": 512,
    "num_cycles": 10,
    "mode": "sparse",
    "device": "cpu"
  },
  "performance": {
    "total_time": 6.232994556427002,
    "avg_cycle_time": 0.6232448577880859,
    "cycles_per_second": 1.6043652708935452
  },
  "final_state": {
    "vortex_density": 0.2627499997615814,
    "vortex_std": 0.002249985933303833,
    "reward": 19.929826287523504,
    "global_params": {
      "kappa": 1.5032496452331543,
      "delta": 0.25403186678886414,
      "vortex_target": 0.6502177715301514,
      "num_qec_layers": 5.534083843231201,
      "damping": 0.103458933532238,
      "nonlinearity": 0.045704662799835205,
      "amp_variance": 1.498179316520691,
      "vortex_seed_strength": 0.5102980732917786,
      "omega": 0.5486555099487305,
      "diffusion_dt": 0.25497961044311523,
      "reset_strength": 0.49187812209129333,
      "sample_ratio": 0.25003254413604736,
      "max_neighbors_factor": 1.0183355808258057,
      "sparsity_threshold": 0.2880120575428009,
      "sparse_density": 0.5109127163887024,
      "spectral_weight": 0.5237025618553162,
      "winding_density": 1.4716687202453613,
      "twist_rate": 1.2462303638458252,
      "cross_coupling": 0.4903501570224762,
      "antivortex_strength": 0.4879826009273529,
      "annihilation_radius": 0.5366982817649841,
      "pruning_threshold": 0.4987567365169525,
      "preserve_ratio": 0.5958659648895264
    }
  },
  "metrics": {
    "vortex_densities": [
      0.7837499976158142,
      0.5794999897480011,
      0.42774999141693115,
      0.3149999976158142,
      0.25049999356269836,
      0.832749992609024,
      0.6377499997615814,
      0.4697500020265579,
      0.35199999809265137,
      0.2627499997615814
    ],
    "rewards": [
      158.94796042915345,
      118.0854582714653,
      44.01494975946902,
      28.226709665021893,
      17.67292161285638,
      1345.8496531772232,
      129.29795920129777,
      48.86070027980268,
      34.02485952192306,
      19.929826287523504
    ],
    "cycle_times": [
      2.091156005859375,
      0.4171109199523926,
      0.384000301361084,
      0.39463376998901367,
      0.40029382705688477,
      0.9412646293640137,
      0.4010767936706543,
      0.39179515838623047,
      0.41620492935180664,
      0.3949122428894043
    ]
  }
}