{
  "configuration": {
    "num_strips": 2,
    "nodes_per_strip": 2000,
    "total_nodes": 4000,
    "hidden_dim": 512,
    "num_cycles": 100,
    "mode": "sparse",
    "device": "cpu"
  },
  "performance": {
    "total_time": 17.573039531707764,
    "avg_cycle_time": 0.17564950704574586,
    "cycles_per_second": 5.690535198510529
  },
  "final_state": {
    "vortex_density": 0.0012500000593718141,
    "vortex_std": 0.0007500000356230885,
    "reward": -56.871858925023695,
    "global_params": {
      "kappa": 1.496151328086853,
      "delta": 0.293599009513855,
      "coupling": 0.5054296255111694,
      "vortex_target": 0.49129390716552734
    }
  },
  "metrics": {
    "vortex_densities": [
      0.9000000059604645,
      0.8127500116825104,
      0.7287499904632568,
      0.6552500128746033,
      0.5897500216960907,
      0.5307500064373016,
      0.4794999957084656,
      0.4322499930858612,
      0.3922500014305115,
      0.3514999896287918,
      0.3175000101327896,
      0.28700000047683716,
      0.2627499997615814,
      0.23624999821186066,
      0.2122500017285347,
      0.18900000303983688,
      0.17024999856948853,
      0.15325000137090683,
      0.13899999856948853,
      0.12725000083446503,
      0.11699999868869781,
      0.10949999839067459,
      0.09775000065565109,
      0.08974999934434891,
      0.08100000023841858,
      0.07475000247359276,
      0.06674999929964542,
      0.057749997824430466,
      0.054250000044703484,
      0.04924999922513962,
      0.042500000447034836,
      0.035499999299645424,
      0.03249999973922968,
      0.028749999590218067,
      0.025500000454485416,
      0.02324999962002039,
      0.021499999798834324,
      0.019000000320374966,
      0.016499999444931746,
      0.015999999828636646,
      0.015250000171363354,
      0.013999999966472387,
      0.011500000022351742,
      0.010999999940395355,
      0.010499999858438969,
      0.010249999817460775,
      0.009500000160187483,
      0.007750000339001417,
      0.007750000339001417,
      0.007500000298023224,
      0.007250000257045031,
      0.007000000216066837,
      0.006499999901279807,
      0.0059999998193234205,
      0.0059999998193234205,
      0.0059999998193234205,
      0.005499999970197678,
      0.005750000011175871,
      0.005250000162050128,
      0.004750000080093741,
      0.004750000080093741,
      0.004500000039115548,
      0.0035000001080334187,
      0.002250000019557774,
      0.002250000019557774,
      0.0025000000605359674,
      0.002250000019557774,
      0.002250000019557774,
      0.001999999978579581,
      0.0014999999839346856,
      0.0020000000367872417,
      0.0017499999958090484,
      0.0017499999958090484,
      0.001999999978579581,
      0.002250000019557774,
      0.002250000019557774,
      0.0027500001015141606,
      0.0027500001015141606,
      0.003000000142492354,
      0.003000000026077032,
      0.0025000000605359674,
      0.0025000000605359674,
      0.001999999978579581,
      0.001999999978579581,
      0.001999999978579581,
      0.001999999978579581,
      0.0020000000949949026,
      0.0017500000540167093,
      0.002250000019557774,
      0.0024999999441206455,
      0.0017500000540167093,
      0.0017500000540167093,
      0.0012500000302679837,
      0.0012500000302679837,
      0.0010000000474974513,
      0.0012500000302679837,
      0.0010000000183936208,
      0.0010000000183936208,
      0.0012500000593718141,
      0.0012500000593718141
    ],
    "rewards": [
      154.8000007867813,
      159.22499895095825,
      145.71249783039093,
      130.83750307559967,
      117.76250451803207,
      107.70854599096108,
      49.199140544536704,
      44.105158323950874,
      38.987236455405196,
      33.44708429080295,
      28.43289743927427,
      23.50994638748763,
      19.468291578546157,
      14.811810869510246,
      10.516131604107784,
      6.111732167507843,
      2.445867563478386,
      -1.3619724975680754,
      -4.127996636208673,
      -6.8057356333753685,
      -8.9780428917848,
      -10.545186827274131,
      -13.59437870146131,
      -17.04545980336458,
      -20.7494547017699,
      -23.260094911056395,
      -26.79390687711338,
      -30.704347964621114,
      -32.19427836500632,
      -34.3166304267259,
      -37.2400631666245,
      -40.310025931483786,
      -41.71831997106746,
      -43.319790916217706,
      -44.87601733844465,
      -46.12938489246543,
      -46.88461775704963,
      -47.91828000646752,
      -48.94968662230289,
      -49.04421477627357,
      -49.427140161351545,
      -50.01493661648496,
      -51.17671933495718,
      -51.50341033150832,
      -51.747507620193545,
      -51.822967756626376,
      -52.15962032659686,
      -52.94072427144731,
      -53.09960482210407,
      -53.386814670912706,
      -53.44823368512562,
      -53.530596352615305,
      -53.660937152607936,
      -53.970809975153344,
      -53.96386597975329,
      -53.992296389614935,
      -54.33726451534738,
      -54.35149280175081,
      -54.44069460623454,
      -54.69820960451536,
      -54.59406948796307,
      -54.626261887232715,
      -55.16563347858075,
      -55.74723600515781,
      -55.78352074871185,
      -55.66009830475949,
      -55.74531386375008,
      -55.78445286257616,
      -55.98467298304094,
      -56.23031608234476,
      -56.20312477698048,
      -56.43679031544967,
      -56.43420524698256,
      -56.31020956400106,
      -56.11916801907193,
      -56.08316254231843,
      -55.87554503142872,
      -55.87827548902376,
      -55.74753282663068,
      -55.722099968896714,
      -55.94001722668754,
      -55.96741716958722,
      -56.186773262158276,
      -56.143019320488584,
      -56.19874749926926,
      -56.22324409625449,
      -56.19621212772807,
      -56.335744213155536,
      -56.1354874441647,
      -56.05990855100471,
      -56.46265323678379,
      -56.470382786114854,
      -56.69726365220388,
      -56.75483741441259,
      -56.890895123155964,
      -56.78195634373718,
      -56.901676535045965,
      -56.93234638734936,
      -56.8570952249007,
      -56.871858925023695
    ],