{
  "configuration": {
    "num_strips": 2,
    "nodes_per_strip": 2000,
    "total_nodes": 4000,
    "hidden_dim": 512,
    "num_cycles": 100,
    "mode": "sparse",
    "device": "cpu"
  },
  "performance": {
    "total_time": 36.601770877838135,
    "avg_cycle_time": 0.36593951225280763,
    "cycles_per_second": 2.7321082450835354
  },
  "final_state": {
    "vortex_density": 0.012250000145286322,
    "vortex_std": 0.0012500002048909664,
    "reward": -51.989823110523496,
    "global_params": {
      "kappa": 1.5112266540527344,
      "delta": 0.2919520437717438,
      "coupling": 0.5095981359481812,
      "vortex_target": 0.5047121644020081,
      "damping": 0.12328527867794037,
      "nonlinearity": -0.022795600816607475,
      "amp_variance": 1.2599257230758667,
      "vortex_seed_strength": 0.5069146752357483
    }
  },
  "metrics": {
    "vortex_densities": [
      0.9000000059604645,
      0.8087500035762787,
      0.7310000061988831,
      0.6597499847412109,
      0.5915000140666962,
      0.5347500145435333,
      0.48649999499320984,
      0.4372500032186508,
      0.3902500122785568,
      0.3489999920129776,
      0.3127499967813492,
      0.28325000405311584,
      0.25475000590085983,
      0.2355000004172325,
      0.2110000029206276,
      0.18974999338388443,
      0.1732500046491623,
      0.15325000137090683,
      0.14100000262260437,
      0.12550000101327896,
      0.11250000074505806,
      0.10125000029802322,
      0.08999999985098839,
      0.08100000023841858,
      0.07349999994039536,
      0.06650000065565109,
      0.057499999180436134,
      0.051249999552965164,
      0.04600000008940697,
      0.041999999433755875,
      0.039250001311302185,
      0.03749999962747097,
      0.03399999998509884,
      0.02925000060349703,
      0.026750000193715096,
      0.024999999441206455,
      0.022499999962747097,
      0.02049999963492155,
      0.01899999938905239,
      0.016500000841915607,
      0.015999999828636646,
      0.013499999884516,
      0.012250000145286322,
      0.011750000063329935,
      0.012500000186264515,
      0.011500000022351742,
      0.010249999817460775,
      0.009500000160187483,
      0.008999999845400453,
      0.009500000160187483,
      0.009999999776482582,
      0.009999999776482582,
      0.009499999694526196,
      0.009000000078231096,
      0.00774999987334013,
      0.007500000298023224,
      0.006499999901279807,
      0.006249999860301614,
      0.006249999860301614,
      0.006000000052154064,
      0.006000000052154064,
      0.005750000011175871,
      0.007000000216066837,
      0.007000000216066837,
      0.006999999983236194,
      0.006749999709427357,
      0.007250000024214387,
      0.00774999987334013,
      0.00699999975040555,
      0.007000000216066837,
      0.007750000339001417,
      0.00774999987334013,
      0.008500000461935997,
      0.00849999999627471,
      0.00925000011920929,
      0.009499999694526196,
      0.009249999653548002,
      0.007999999914318323,
      0.009500000160187483,
      0.009999999776482582,
      0.010749999899417162,
      0.011249999981373549,
      0.011500000022351742,
      0.011500000022351742,
      0.012249999679625034,
      0.011000000406056643,
      0.01000000024214387,
      0.00925000011920929,
      0.00925000011920929,
      0.009750000201165676,
      0.01000000024214387,
      0.009500000160187483,
      0.00925000011920929,
      0.01000000024214387,
      0.009500000160187483,
      0.010249999817460775,
      0.010499999858438969,
      0.011249999981373549,
      0.012250000145286322,
      0.012250000145286322
    ],
    "rewards": [
      154.8249989748001,
      159.07500088214874,
      145.67500054836273,
      131.33749663829803,
      117.75000244379044,
      107.8222417401655,
      49.69342280417758,
      44.47696621672949,
      38.364220654734424,
      32.45743006254195,
      27.550572395336395,
      23.078649744715783,
      17.908709570386044,
      14.534814487345162,
      10.103119552565726,
      6.196573301115065,
      3.0578604746491775,
      -0.7404313048150333,
      -3.2821677514816434,
      -6.567286169481573,
      -9.633275549536583,
      -12.387293852172695,
      -17.003229458679638,
      -20.778308133155704,
      -23.941691806837955,
      -26.945328259444484,
      -30.905146205207885,
      -33.665165184124135,
      -36.08528767484014,
      -37.86444361413497,
      -39.062310162407584,
      -39.6943646888171,
      -41.36014279222652,
      -43.437263983246396,
      -44.63004083671318,
      -45.492999570241466,
      -46.47179991160861,
      -47.41522506203008,
      -48.042759582144754,
      -49.183009282098816,
      -49.40639737402538,
      -50.63799010746252,
      -51.13603660653248,
      -51.559528621218604,
      -51.264120039553816,
      -51.65718748693147,
      -52.32076562587935,
      -52.673946870868356,
      -52.936798142723795,
      -52.61224702724858,
      -52.28080116144399,
      -52.261461486281,
      -52.42871306519675,
      -52.68798501245262,
      -53.18942286029656,
      -53.279129441451026,
      -53.72294852151685,
      -53.804431142051705,
      -53.792746235627945,
      -53.930992643901924,
      -54.06774355217526,
      -54.20150921874014,
      -53.653787428885614,
      -53.72683252666351,
      -53.9069912530681,
      -53.897697249191545,
      -53.72297034216466,
      -53.54021678115967,
      -53.82354891246571,
      -53.774018169443735,
      -53.42418218483533,
      -53.442797923003084,
      -53.10207667759489,
      -53.14443331785786,
      -52.743574451044324,
      -52.73772723988209,
      -52.7709752000212,
      -53.35587358601075,
      -52.695876336034964,
      -52.448632938600895,
      -52.094987900698705,
      -51.9856720460278,
      -51.88612015821232,
      -51.93751459878582,
      -51.73672013849694,
      -52.304480582264205,
      -52.861799099321225,
      -53.14232040798976,
      -53.20893874526273,
      -52.96551735949005,
      -52.870888567965864,
      -53.13175395789499,
      -53.15393012586429,
      -52.83283654409387,
      -53.04679318959467,
      -52.70944433174396,
      -52.62052032339481,
      -52.3675753727527,
      -51.93736802042629,
      -51.989823110523496
    ],